,ID,Name,Date,Verified
0,ABCD,John,8/15/2022,Not Verified
1,ABCD,John,8/16/2022,Not Verified
2,ABCD,John,8/25/2022,Not Verified
3,ABCD,John,9/10/2022,Not Verified
4,ABCD,John,9/8/2022,Not Verified
5,ABCD,John,9/12/2022,Not Verified
6,ABCD,John,9/14/2022,Not Verified
7,ABCD,John,1/1/2019,Not Verified
8,ABCD,John,2/17/2019,Not Verified
9,ABCD,John,3/24/2019,Not Verified
10,ABCD,John,1/15/2019,Not Verified
11,ABCD,John,12/12/2020,Not Verified
12,ABCD,John,12/20/2020,Not Verified
13,ABCD,John,11/17/2020,Not Verified
14,ABCD,John,11/25/2020,Not Verified
15,ABCD,John,1/25/2021,Not Verified
16,ABCD,John,1/27/2021,Not Verified
17,ABCD,John,2/1/2021,Not Verified
18,ABCD,John,2/4/2021,Not Verified
19,ABCD,John,1/27/2021,Not Verified
